ab,abwärts,abgehen,abkommen,abholen,abmachen,abnehmen
aber
acht,achte,achten,achter,achtes,achtens,Acht
alle,aller,allem,allen,alles
als
am
Ameise,Ameisen
Ampel,Ampeln
Amsel,Amseln
an
Anfang,Anfangs,Anfänge,Anfängen,anfangen,anfänglich
Apfel,Apfels,Äpfel,Äpfeln,Apfelbaum
April,Aprils,Aprile
arbeiten,arbeite,arbeitest,arbeitet,arbeitete,arbeiteten,gearbeitet,Arbeit,Arbeiten,Arbeiter,Arbeiterin,arbeitssam
arm,arme,armer,armes,armen,armem,ärmer,ärmere,ärmeren,ärmerem,ärmerer,ärmeres,ärmste,ärmsten,ärmstem,ärmster,ärmstes,Armut
Arm,Arms,Armes,Arme,Armen
Ast,Astes,Asts,Äste,Ästen,astig
auf,aufwärts
Aufgabe,Aufgaben
aufwachen,wache auf,wachst auf,wacht auf,wachte auf,wachten auf,aufgewacht
August,Auguste,Augusts
aus,auswärts
Baby,Babys
Bach,Bachs,Baches,Bäche,Bächen
backen,backe,backst,bäckt,backt,backte,buk,gebacken,Bäcker,Bäckerei,Bäckers
baden,bade,badest,badet,badete,badeten,gebadet,Bad,Bades,Bäder,Bädern,Badewanne
Bär,Bären
Bank,Bänke,Bänken,Banken
Bauch,Bauchs,Bauches,Bäuche,Bäuchen,bauchig
Baum,Baums,Baumes,Bäume,Bäumen,baumeln,baumartig
Bein,Beins,Beines,Beine,Beinen
bequem,bequeme,bequemer,bequemes,bequemen,bequemem,Bequemlichkeit
Besen,Besens
Biene,Bienen,Bienenstock
Birne,Birnen,Birnenbaum
bis
bitten,bitte,bittest,bittet,bat,batst,baten,gebeten,Bitte,Bitten
blau,blaue,blauer,blaues,blauen,blauem,bläulich,Bläue
bleiben,bleibe,bleibst,bleibt,blieb,bliebst,blieben,geblieben
Blüte,Blüten,blühen,blüht,blühte,geblüht
Blume,Blumen,Blumenwiese,Blumenstrauß
bluten,blute,blutest,blutet,blutete,geblutet,Blut,Blutes,blutig
böse,böser,böses,bösen,bösem,Bösartigkeit
boxen,boxe,boxst,boxt,boxte,geboxt,Boxer,Boxen
brauchen,brauche,brauchst,braucht,brauchte,brauchten,gebraucht,Brauch,Gebrauch
braun,braune,brauner,braunes,braunen,braunem,bräunlich,Bräune
Brief,Briefs,Briefes,Briefe,Briefen,Briefträger
bringen,bringe,bringst,bringt,brachte,brachten,gebracht
Brot,Brots,Brotes,Brote,Broten,Brötchen
Bruder,Bruders,Brüder,Brüdern,brüderlich
Buch,Buchs,Buches,Bücher,Büchern,Bücherei,Buchhandlung
Butter,butterweich,buttern
Cent,Cents
Comic,Comics
da,dabei,dafür,daher,dahin,damit,darauf,daraus,darin,darüber,darum
Dach,Dachs,Daches,Dächer,Dächern,Dachdecker
Dachs,Dachses,Dachse,Dachsen
danken,danke,dankst,dankt,dankte,gedankt,Dank,Dankes,dankbar,Dankbarkeit
dann
das
Daumen,Daumens
Decke,Decken,decken,deckt,deckte,gedeckt
dem
den
denken,denke,denkst,denkt,dachte,dachten,gedacht,Gedanke,Gedanken,denkbar
der
Dezember,Dezembers
dich
die
Dieb,Diebs,Diebes,Diebe,Dieben,Diebstahl,diebisch
Dienstag,Dienstags,Dienstage,Dienstagen
dir
Donnerstag,Donnerstags,Donnerstage,Donnerstagen
dort,dorthin,dortig
Dose,Dosen
Drache,Drachen
drei,dreier,dreimal,dritte,dritten,dritter,drittes,Drittel
du
dürfen,darf,darfst,dürft,durfte,durften,gedurft
dunkel,dunkle,dunkler,dunkles,dunklen,dunklem,Dunkelheit,abdunkeln
Dusche,Duschen,duschen,duscht,duschte,geduscht
Eimer,Eimers,Eimern
ein,eine,einer,eines,einen,einem,eins,einmal,einzeln
einmal,einmalig
Eis,Eises,eisig,Eisberg,Eiscreme
Ende,Endes,Enden,enden,endet,endete,geendet,endlich,endgültig
Engel,Engels,Engeln,engelsgleich
Enkel,Enkels,Enkeln,Enkelin,Enkelinnen
Ente,Enten
er
Erde,Erden,erdig,Erdbeere,Erdgeschoss
erst,erste,erster,erstes,ersten,erstem,erstens,erstmals
es
Esel,Esels,Eseln
essen,esse,isst,aß,aßen,gegessen,Essen,Esser,Esszimmer
euch
Eule,Eulen
eure,eurer,eurem,euren,eures
Fach,Fachs,Faches,Fächer,Fächern,fachlich
Faden,Fadens,Fäden
fallen,falle,fällst,fällt,fiel,fielen,gefallen,Fall,Falls,Fälle,Fällen
fangen,fange,fängst,fängt,fing,fingen,gefangen,Fang,Fänger
Farbe,Farben,farbig,färben,färbt,färbte,gefärbt,Farbstift
Februar,Februars,Februare
Feder,Federn,fiedern
Fenster,Fensters,Fenstern,Fensterrahmen
Fest,Fests,Festes,Feste,Festen,festlich,Festlichkeit
Fieber,Fiebers,fiebrig,fiebern
finden,finde,findest,findet,fand,fanden,gefunden,Finder,Fund,Fundstück
Finger,Fingers,Fingern,fingern
Fisch,Fischs,Fisches,Fische,Fischen,fischen,fischt,fischte,gefischt,Fischer
Flasche,Flaschen
Fliege,Fliegen,fliegen,fliege,fliegst,fliegt,flog,flogen,geflogen,Flieger,Flug
fließen,fließe,fließt,floss,flossen,geflossen,Fluss,Flusses,Flüsse,Flüssen,flüssig
Flöte,Flöten,flöten
Frage,Fragen,fragen,frage,fragst,fragt,fragte,fragten,gefragt,Fragezeichen
Frau,Frauen,fraulich
Freitag,Freitags,Freitage,Freitagen
Freude,Freuden,freuen,freue,freust,freut,freute,gefreut,freudig
Freund,Freundes,Freunde,Freunden,Freundin,Freundinnen,freundlich,Freundschaft
Frosch,Frosches,Frösche,Fröschen
Frühling,Frühlings,Frühlinge
Fuchs,Fuchses,Füchse,Füchsen,füchsig
Füller,Füllers,Füllern,füllen,füllt,füllte,gefüllt
für
Fuß,Fußes,Füße,Füßen,Fußball,Fußgänger
Gabel,Gabeln,gabeln
Garten,Gartens,Gärten,Gärtner,Gärtnerei,Gärtnern
Gast,Gastes,Gäste,Gästen,gastfreundlich,Gaststätte
Gemüse,Gemüses
gern,gerne,lieber,am liebsten
Geschenk,Geschenks,Geschenkes,Geschenke,Geschenken,schenken,schenkt,schenkte,geschenkt
Gesicht,Gesichts,Gesichte,Gesichter,Gesichtern
Glas,Glases,Gläser,Gläsern,glasig
glauben,glaube,glaubst,glaubt,glaubte,glaubten,geglaubt,Glaube,Glauben,gläubig
gleich,gleiche,gleicher,gleiches,gleichen,gleichem,Gleichheit,glichen,geglichen
graben,grabe,gräbst,gräbt,grub,gruben,gegraben,Graben,Gräben
Gras,Grases,Gräser,Gräsern,grasig
grau,graue,grauer,graues,grauen,grauem,bräunlich-grau
grün,grüne,grüner,grünes,grünen,grünem,Grün,Grünanlage
gut,gute,guter,gutes,guten,gutem,besser,bessere,besseren,besserem,besserer,besseres,beste,besten,bestem,bester,bestes,Güte
haben,habe,hast,hat,hatte,hatten,gehabt
Hamster,Hamsters,Hamstern,hamstern
Handy,Handys
hart,harte,harter,hartes,harten,hartem,härter,härtere,härteren,härterem,härterer,härteres,härteste,härtesten,Härte,härten
Hase,Hasen
Haus,Hauses,Häuser,Häusern,häuslich,Hausaufgabe
Herbst,Herbstes,Herbste,herbstlich
Herz,Herzens,Herzen,herzlich,Herzlichkeit
Hexe,Hexen,hexen,hext,hexte,gehext,Hexerei
hier,hierher,hierhin
Himmel,Himmels,Himmeln,himmlisch
Hitze,hitzig,erhitzen
hören,höre,hörst,hört,hörte,hörten,gehört,Hörer,Gehör
Hose,Hosen
Hund,Hundes,Hunde,Hunden,hündisch
Hunger,Hungers,hungrig,hungern
husten,huste,hustest,hustet,hustete,gehustet,Husten,Hustenbonbon
ich
im
immer,immerdar,immerfort
in
ins
Insel,Inseln
ja
Jacke,Jacken
Januar,Januars,Januare
Juli,Julis
Junge,Jungen,jung,junge,junger,junges,jungen,jungem,jünger,jüngste
Juni,Junis
Käse,Käses,käsig
Karte,Karten
Kater,Katers,Katern
Katze,Katzen
kaufen,kaufe,kaufst,kauft,kaufte,kauften,gekauft,Käufer,Kauf
kennen,kenne,kennst,kennt,kannte,kannten,gekannt,Kenner,Kenntnis
Kerze,Kerzen,Kerzenschein
kicken,kicke,kickst,kickt,kickte,gekickt,Kicker
Kind,Kindes,Kinder,Kindern,kindlich,Kindheit
Kirche,Kirchen,kirchlich
Kirsche,Kirschen,Kirschbaum
Kissen,Kissens
klar,klare,klarer,klares,klaren,klarem,klären,klärte,geklärt,Klarheit
Klasse,Klassen,klassisch
kleben,klebe,klebst,klebt,klebte,geklebt,Kleber,klebrig
Kleid,Kleides,Kleider,Kleidern,kleiden,Kleidung
klein,kleine,kleiner,kleines,kleinen,kleinem,Kleinigkeit
Knie,Knies,knien,knie,kniest,kniet,kniete,gekniet
Knopf,Knopfes,Knöpfe,Knöpfen,knöpfen
kochen,koche,kochst,kocht,kochte,gekocht,Koch,Köche,Köchin,Kochtopf
können,kann,kannst,könnt,konnte,konnten,gekonnt,Können
Körper,Körpers,Körpern,körperlich
Koffer,Koffers,Koffern
kommen,komme,kommst,kommt,kam,kamen,gekommen,Ankunft
Kopf,Kopfes,Köpfe,Köpfen,köpfen
Krone,Kronen,krönen,krönt,krönte,gekrönt
Küche,Küchen
lachen,lache,lachst,lacht,lachte,gelacht,Lachen,Lächeln
Lampe,Lampen
lang,lange,langer,langes,langen,langem,länger,längere,längeren,längstem,Länge,verlängern
langsam,langsame,langsamer,langsames,langsamen,langsamem,Langsamkeit
lassen,lasse,lässt,ließ,ließen,gelassen
laufen,laufe,läufst,läuft,lief,liefen,gelaufen,Läufer,Lauf
laut,laute,lauter,lautes,lauten,lautem,Laut,Laute,Lautstärke
leben,lebe,lebst,lebt,lebte,lebten,gelebt,Leben,Lebens,lebendig
lecker,leckere,leckerer,leckeres,leckeren,leckerem
leicht,leichte,leichter,leichtes,leichten,leichtem,Leichtigkeit
leise,leiser,leises,leisen,leisem
Leiter,Leiters,Leitern
lenken,lenke,lenkst,lenkt,lenkte,gelenkt,Lenker,Lenkung
lernen,lerne,lernst,lernt,lernte,gelernt,Lerner,Lernen
lesen,lese,liest,las,lasen,gelesen,Leser,Lesung
Licht,Lichtes,Lichter,Lichtern,lichten
lieben,liebe,liebst,liebt,liebte,geliebt,Liebe,liebevoll,Liebling
Lied,Liedes,Lieder,Liedern
liegen,liege,liegst,liegt,lag,lagen,gelegen
Loch,Loches,Löcher,Löchern,löcherig
Löffel,Löffels,Löffeln,löffeln
Löwe,Löwen
Luchs,Luchses,Luchse,Luchsen
machen,mache,machst,macht,machte,gemacht,Macher
März,Märzes,Märze
Mai,Maies,Maie
malen,male,malst,malt,malte,gemalt,Maler,Malerei
man
Mantel,Mantels,Mäntel,Mänteln
Maus,Mäuse,Mäusen
Messer,Messers,Messern
Meter,Meters,Metern
mich
Milch,milchig
mir
mit
Mittwoch,Mittwochs,Mittwoche,Mittwochen
mögen,mag,magst,mögt,mochte,mochten,gemocht
Montag,Montags,Montage,Montagen
morgen,Morgen,Morgens,morgendlich
müssen,muss,musst,müsst,musste,mussten,gemusst
Mütze,Mützen
Muschel,Muscheln
Mutter,Mütter,Müttern,mütterlich
Nacht,Nächte,Nächten,nächtlich
Nadel,Nadeln
Name,Namen,namens,namhaft
Nase,Nasen,nasig
nein
neu,neue,neuer,neues,neuen,neuem,Neuheit,Neuerungen
nie,niemals
niesen,niese,niest,nieste,geniest,Niesen
November,Novembers
Nudel,Nudeln
nun
nur
ob
oben,oberhalb,obere,oberen,oberes
oder
oft,öfter,öftere,am öftesten
Oktober,Oktobers
Onkel,Onkels,Onkeln
packen,packe,packst,packt,packte,gepackt,Packung,Gepäck,Päckchen
Papier,Papiers,Papiere,Papieren
Pfeil,Pfeils,Pfeile,Pfeilen
Pfote,Pfoten
Pinsel,Pinsels,Pinseln,pinseln
Pony,Ponys
Puppe,Puppen
quaken,quake,quakst,quakt,quakte,gequakt
Qualm,Qualms,qualmen,qualmt,qualmte,gequalmt
raten,rate,rätst,rät,riet,rieten,geraten,Rätsel,Rat
Raum,Raumes,Räume,Räumen,räumlich,räumen
rechnen,rechne,rechnest,rechnet,rechnete,gerechnet,Rechnung,Rechner
reden,rede,redest,redet,redete,geredet,Rede,Redner
Regen,Regens,regnen,regnet,regnete,geregnet,regnerisch
reich,reiche,reicher,reiches,reichen,reichem,Reichtum
Reise,Reisen,reisen,reist,reiste,gereist,Reisender
rennen,renne,rennst,rennt,rannte,rannten,gerannt,Renner
riechen,rieche,riechst,riecht,roch,rochen,gerochen,Geruch
Ring,Rings,Ringe,Ringen,ringen
Rose,Rosen
rot,rote,roter,rotes,roten,rotem,röter,Röte,rötlich
rufen,rufe,rufst,ruft,rief,riefen,gerufen,Ruf
Sache,Sachen,sachlich
Säge,Sägen,sägen,sägt,sägte,gesägt
Saft,Saftes,Säfte,Säften,saftig
sagen,sage,sagst,sagt,sagte,gesagt,Sage
Samstag,Samstags,Samstage,Samstagen
Schaf,Schafes,Schafe,Schafen
Schaufel,Schaufeln,schaufeln
Schaukel,Schaukeln,schaukeln,schaukelt,schaukelte,geschaukelt
schenken,schenke,schenkst,schenkt,schenkte,geschenkt,Geschenk
Schere,Scheren
schicken,schicke,schickst,schickt,schickte,geschickt
schlafen,schlafe,schläfst,schläft,schlief,schliefen,geschlafen,Schlaf,schläfrig
Schlange,Schlangen
Schlitten,Schlittens
Schlüssel,Schlüssels,Schlüsseln
schmecken,schmecke,schmeckst,schmeckt,schmeckte,geschmeckt,Geschmack
Schnecke,Schnecken
schneiden,schneide,schneidest,schneidet,schnitt,schnitten,geschnitten,Schnitt,Schneider
schön,schöne,schöner,schönes,schönen,schönem,Schönheit
schon
Schrank,Schrankes,Schränke,Schränken
schreiben,schreibe,schreibst,schreibt,schrieb,schrieben,geschrieben,Schreiber,Schrift
Schule,Schulen,Schüler,Schülerin,schulisch
schwarz,schwarze,schwarzer,schwarzes,schwarzen,schwarzem,schwärzer,Schwärze
schwer,schwere,schwerer,schweres,schweren,schwerem,Schwere,Schwierigkeit
Schwester,Schwestern,schwesterlich
sechs,sechste,sechsten,sechster,sechstes,Sechstel
Seife,Seifen,seifig
sein,seine,seiner,seines,seinem,seinen,bin,bist,ist,sind,seid,war,warst,waren,gewesen
Seite,Seiten,seitlich
September,Septembers
sie
singen,singe,singst,singt,sang,sangen,gesungen,Sänger,Gesang
sinken,sinke,sinkst,sinkt,sank,sanken,gesunken
sitzen,sitze,sitzt,saß,saßen,gesessen,Sitz
so,sofort
Socke,Socken
sollen,soll,sollst,sollt,sollte,sollten,gesollt
Sommer,Sommers,sommerlich
Sonne,Sonnen,sonnig,sonnen
Sonntag,Sonntags,Sonntage,Sonntagen,sonntags
sparen,spare,sparst,spart,sparte,gespart,Sparer,sparsam
Spaten,Spatens
Spiegel,Spiegels,Spiegeln,spiegeln,spiegelt,spiegelte,gespiegelt
Spiel,Spieles,Spiele,Spielen,spielen,spielt,spielte,gespielt,Spieler
Spinne,Spinnen,spinnen,spinnt,spann,gesponnen
Spitze,Spitzen,spitz,spitze,spitzer,spitzes,spitzen
spülen,spüle,spülst,spült,spülte,gespült,Spülung
staunen
Stein,Steines,Steine,Steinen,steinig
Stempel,Stempels,Stempeln,stempeln
Stern,Sternes,Sterne,Sternen,sternenklar
Stiefel,Stiefels,Stiefeln
Stift,Stiftes,Stifte,Stiften
stören,störe,störst,stört,störte,gestört,Störung
Stufe,Stufen,stufig
Stunde,Stunden,stündlich
suchen,suche,suchst,sucht,suchte,gesucht,Sucher,Suche
Suppe,Suppen
Tafel,Tafeln
Tag,Tages,Tage,Tagen,täglich
Tante,Tanten
Tasche,Taschen
Taxi,Taxis
Teller,Tellers,Tellern
Tier,Tieres,Tiere,Tieren,tierisch
Tisch,Tisches,Tische,Tischen
Tochter,Töchter,Töchtern
Topf,Topfes,Töpfe,Töpfen
Tor,Tores,Tore,Toren
Traum,Traumes,Träume,Träumen,träumen,träumt,träumte,geträumt,Träumer
treffen,treffe,triffst,trifft,traf,trafen,getroffen,Treffen
Treppe,Treppen
Tür,Türen
turnen,turne,turnst,turnt,turnte,geturnt,Turner,Turnerin,Turnhalle
üben,übe,übst,übt,übte,geübt,Übung,Übungen
um
und
uns
unten,untere,unteren,unteres
Vase,Vasen
Vater,Vaters,Väter,Vätern,väterlich
viel,viele,vieler,vieles,vielen,vielem,mehr,meiste,meisten
vier,vierte,vierten,vierter,viertes,Viertel
Vogel,Vogels,Vögel,Vögeln
vom
von
vor,vorne
Vulkan,Vulkans,Vulkane,Vulkanen
wachsen,wachse,wächst,wuchs,wuchsen,gewachsen,Wachstum
wann
warm,warme,warmer,warmes,warmen,warmem,wärmer,wärmste,Wärme,wärmen
warten,warte,wartest,wartet,wartete,gewartet,Warter
warum
was
Wasser,Wassers,Wassern,wässrig,wässern
Weg,Weges,Wege,Wegen
weich,weiche,weicher,weiches,weichen,weichem,Weichheit
weinen,weine,weinst,weint,weinte,geweint
weiß,weiße,weißer,weißes,weißen,weißem,Weiß
weiter,weitere,weiteren,weiteres
wem
wen
wer
werfen,werfe,wirfst,wirft,warf,warfen,geworfen,Werfer,Wurf
Wetter,Wetters,Wettern
wie
Wiese,Wiesen
winken,winke,winkst,winkt,winkte,gewinkt
Winter,Winters,Wintern,winterlich
wir
wissen,weiß,weißt,wisst,wusste,wussten,gewusst,Wissen
wo,wohin,woher
Woche,Wochen,wöchentlich
Wolke,Wolken,wolkig,bewölkt
wollen,will,willst,wollt,wollte,wollten,gewollt,Wille
Wort,Wortes,Wörter,Wörtern,Worte,Worten,wörtlich
wünschen,wünsche,wünschst,wünscht,wünschte,gewünscht,Wunsch,Wünsche
Würfel,Würfels,Würfeln,würfeln,würfelt,würfelte,gewürfelt
Wurm,Wurmes,Würmer,Würmern
Zaun,Zaunes,Zäune,Zäunen
zeigen,zeige,zeigst,zeigt,zeigte,gezeigt,Zeiger
Zeit,Zeiten,zeitig
Zimmer,Zimmers,Zimmern
zu
zum
Zunge,Zungen
zur
